cleanliness_score,odor_score,waste_level,complaints,footfall,hours_since_cleaning,hygiene_risk
6.1,4.7,274,5,584,8.5,2
5.9,5.9,349,4,106,9.1,2
3.5,6.2,543,9,446,3.1,0
10.0,1.0,86,1,424,4.6,1
3.0,7.2,348,7,133,9.1,0
6.8,5.0,154,3,496,3.3,2
4.8,5.0,382,5,674,19.5,0
5.2,6.8,169,7,874,6.3,0
2.5,8.5,491,5,334,10.2,0
5.6,2.5,534,5,60,14.8,2
5.8,5.4,53,5,926,26.6,0
6.2,4.9,178,4,439,9.6,2
5.5,5.5,178,4,130,1.7,2
7.2,3.2,210,4,827,2.1,2
8.3,3.5,298,1,586,1.0,1
6.8,3.4,272,3,411,2.8,1
5.0,6.3,385,8,447,6.7,0
6.5,6.6,136,6,454,1.8,2
3.1,8.3,502,6,296,4.2,0
7.4,2.6,250,4,431,4.5,1
2.6,9.0,547,8,612,0.8,0
4.5,7.3,493,7,367,3.6,0
5.8,7.2,284,5,48,5.0,2
7.6,1.3,133,1,205,14.4,1
7.5,3.9,60,3,244,1.0,1
5.5,4.0,400,5,566,9.4,2
8.3,4.1,0,4,564,0.5,2
4.7,6.5,465,7,761,3.5,0
5.6,3.7,473,4,404,12.7,2
9.1,3.5,15,3,400,3.1,1
6.4,7.4,414,5,527,0.5,2
7.3,1.8,262,6,834,8.8,2
7.7,1.8,205,4,522,17.2,2
2.8,8.2,524,7,597,7.3,0
9.8,1.0,55,3,396,3.0,1
5.0,6.1,312,5,528,12.7,0
8.0,1.0,178,5,748,2.4,1
6.4,2.1,19,3,873,2.3,1
5.0,5.3,392,9,200,0.9,0
5.7,3.0,289,4,764,1.6,2
8.7,1.4,80,4,332,5.3,1
4.9,6.8,501,5,428,6.3,0
6.0,5.8,330,4,137,4.4,2
4.4,4.8,393,4,582,8.4,2
7.8,3.3,13,2,496,4.0,1
5.5,5.6,480,3,432,0.8,2
7.4,1.7,68,7,492,1.0,2
8.0,4.1,8,2,629,1.3,1
6.4,2.1,232,2,805,2.1,1
7.5,2.8,310,6,469,9.2,2
5.4,6.9,504,6,588,11.0,0
6.3,5.7,238,3,754,5.8,2
6.1,6.4,160,7,640,9.7,2
2.8,7.9,493,9,591,0.5,0
4.7,6.6,450,10,308,4.1,0
4.6,5.1,237,2,444,1.7,2
6.6,5.9,452,4,781,2.2,2
8.3,2.9,144,0,185,3.8,1
5.4,3.9,479,9,656,6.9,0
10.0,1.0,67,3,197,13.0,1
4.0,5.2,403,5,203,25.2,0
9.8,2.0,0,4,444,2.5,1
3.8,6.4,383,6,649,5.0,0
7.6,4.6,88,4,489,3.9,1
5.9,3.7,393,4,449,2.1,2
4.8,5.0,350,6,374,9.6,2
3.3,7.2,497,9,571,9.7,0
6.1,4.5,386,4,400,0.5,2
6.1,4.3,372,3,241,6.4,2
6.8,5.6,189,4,359,7.4,2
8.1,1.0,215,1,514,4.0,1
4.9,5.6,494,6,359,24.2,0
7.1,5.8,252,2,543,0.5,2
7.2,3.5,295,4,574,2.3,2
3.8,6.7,537,6,205,1.4,0
9.4,1.0,78,3,391,4.3,1
5.8,6.1,513,12,735,6.4,0
4.1,7.0,362,6,263,36.0,0
4.5,6.7,376,4,523,4.0,0
6.5,3.4,285,4,649,5.4,2
5.4,6.0,215,6,712,10.7,0
8.7,2.0,106,0,535,2.8,1
10.0,3.2,115,0,302,13.4,1
6.4,5.6,254,6,60,5.3,2
6.9,1.6,127,3,757,0.5,1
2.8,7.0,485,6,196,2.9,0
3.6,9.1,381,4,532,18.4,0
10.0,3.4,212,4,773,0.8,1
8.8,4.3,137,1,413,2.3,1
5.1,6.7,274,3,357,15.4,2
6.7,6.3,225,5,583,28.7,0
3.4,6.6,0,5,482,3.5,0
4.0,8.0,460,6,553,3.6,0
4.4,5.7,313,5,628,2.5,2
10.0,1.0,3,0,966,4.6,1
10.0,1.0,86,1,415,13.3,1
3.8,6.4,448,7,360,5.1,0
5.5,5.7,399,3,443,8.6,2
5.4,4.7,199,4,535,0.7,2
9.4,2.2,0,1,254,1.3,1
8.8,1.0,62,0,447,1.9,1
3.9,8.2,489,8,580,10.4,0
8.4,1.0,183,0,531,16.2,1
4.8,7.5,162,6,328,21.9,0
9.7,2.9,113,3,612,10.2,1
5.7,6.5,390,5,484,3.5,2
6.9,3.6,174,5,176,3.3,2
7.1,2.9,86,4,813,2.1,1
9.3,2.6,85,4,577,3.0,1
9.7,2.9,44,4,770,1.1,1
5.9,5.8,467,3,547,10.3,2
6.9,4.4,378,3,701,2.7,2
7.5,2.4,324,3,647,17.2,2
7.4,2.5,93,3,700,4.5,1
8.5,3.7,215,4,236,4.2,1
5.1,5.8,262,9,413,8.7,0
6.8,3.7,384,3,635,6.1,2
5.1,4.7,478,4,667,25.9,0
5.2,5.4,305,3,299,14.0,2
8.8,4.6,73,2,398,19.8,1
5.9,7.3,392,5,333,1.2,2
5.8,4.0,288,6,534,2.9,2
7.8,4.7,127,2,274,5.0,1
6.9,5.6,340,4,243,1.9,2
6.0,5.8,352,5,558,0.5,2
5.2,6.0,481,7,295,10.2,0
9.7,1.0,0,1,298,4.1,1
6.7,2.4,286,4,334,4.3,1
5.1,6.6,303,7,597,5.4,0
7.9,4.9,118,4,565,1.4,1
8.9,1.5,11,3,493,8.6,1
4.6,5.0,439,4,514,3.3,2
5.8,5.3,332,3,353,14.5,2
4.9,8.1,321,5,670,1.6,0
8.4,2.2,201,4,41,0.7,1
6.0,4.2,284,6,383,3.1,2
5.2,7.3,287,5,539,25.0,0
5.7,6.1,395,7,360,6.8,0
4.0,8.6,487,6,127,10.1,0
4.3,7.8,425,11,225,1.6,0
5.5,7.7,190,3,416,5.6,2
3.1,8.4,518,5,93,9.6,0
5.8,4.3,222,3,491,4.5,2
6.1,4.2,155,1,476,5.2,1
6.7,3.6,242,6,744,6.1,2
8.6,2.5,45,6,571,21.9,2
8.2,2.2,62,2,558,0.6,1
8.0,3.7,220,2,390,9.2,1
6.7,4.2,257,5,552,7.0,2
7.9,4.4,191,3,327,17.7,2
6.5,5.2,120,4,560,4.0,2
5.7,3.1,261,5,873,0.5,2
6.4,3.4,342,2,497,0.8,1
4.8,3.9,322,3,474,8.9,2
5.4,2.6,407,4,463,16.3,2
7.9,3.1,346,5,191,15.1,2
7.0,2.7,128,7,569,3.1,2
9.1,2.6,0,0,102,5.9,1
5.7,6.3,146,2,546,4.4,2
7.4,3.0,487,8,709,3.4,0
8.1,1.3,94,0,473,7.8,1
9.9,1.0,0,0,453,5.7,1
5.5,8.8,399,8,452,18.4,0
8.6,1.8,352,5,739,4.5,1
10.0,1.0,3,0,129,2.6,1
7.5,4.1,490,6,451,3.4,2
9.1,3.9,174,1,519,4.9,1
7.4,2.7,103,5,177,11.4,1
2.6,8.4,530,9,198,1.3,0
5.9,6.2,522,4,215,0.7,2
8.0,4.6,125,3,135,6.2,1
6.0,3.7,139,2,264,7.4,1
6.5,6.9,155,3,564,1.3,2
7.5,2.7,353,1,813,1.1,1
7.5,4.1,274,7,597,0.5,2
5.1,7.1,120,6,477,36.0,0
5.6,5.4,226,6,581,6.6,2
6.9,4.7,231,5,410,3.9,2
5.3,5.3,300,4,401,10.8,2
10.0,1.0,132,1,772,1.7,1
7.4,3.8,133,2,646,7.0,1
6.2,6.9,267,7,216,5.7,2
4.5,7.9,513,7,393,9.7,0
6.0,5.5,108,2,377,1.4,1
6.4,6.2,236,3,293,4.1,2
7.1,5.4,89,4,526,2.9,2
5.9,5.8,386,4,324,11.1,2
3.7,7.6,507,11,522,2.6,0
5.9,4.0,148,6,846,2.4,2
8.4,4.9,74,5,348,3.2,1
5.1,6.0,110,3,307,1.1,2
4.7,7.1,344,7,589,4.8,0
7.5,3.4,68,2,58,7.9,1
4.8,5.7,312,5,465,19.1,0
8.3,2.7,0,5,444,19.5,2
6.2,3.0,326,4,520,5.3,2
4.9,7.9,266,5,148,3.1,2
9.1,3.6,0,1,336,8.3,1
5.8,6.1,300,4,590,23.1,0
9.3,1.1,122,1,303,8.7,1
7.8,2.7,109,2,327,1.2,1
3.8,7.3,249,4,454,6.8,0
4.6,6.2,440,6,376,17.5,0
8.7,1.0,161,1,20,4.4,1
4.3,6.6,504,4,516,9.6,0
8.5,3.6,142,3,943,0.5,1
3.7,8.5,477,8,20,4.1,0
6.3,3.9,125,2,314,1.5,1
6.2,3.9,301,2,431,8.4,2
5.8,4.6,380,7,413,12.4,0
6.4,5.1,165,4,296,15.4,2
7.0,4.5,439,4,248,12.7,2
6.9,1.7,247,6,878,5.5,2
7.2,1.0,215,3,246,2.9,2
6.0,5.8,212,5,391,14.6,2
8.1,4.5,116,4,436,7.8,1
2.9,7.6,535,10,498,0.5,0
7.9,3.9,89,7,945,24.5,0
5.4,3.7,271,3,528,2.5,2
7.0,2.5,210,3,676,13.7,2
4.3,7.6,425,5,551,20.5,0
5.5,5.7,466,4,20,3.1,2
8.1,4.9,229,2,736,18.7,2
5.7,5.6,278,5,453,1.1,2
7.2,4.5,169,5,451,20.4,2
4.9,5.9,366,9,336,0.5,0
8.4,1.8,133,3,735,3.3,1
5.7,5.4,476,5,472,35.9,0
4.7,7.4,400,4,440,5.2,0
7.7,3.7,408,3,270,19.3,2
5.7,4.6,329,6,398,1.2,2
3.2,6.3,437,5,308,3.6,0
6.4,3.4,334,3,522,7.0,2
4.7,5.7,547,9,106,4.2,0
6.0,5.9,370,6,507,11.5,0
8.0,4.1,152,4,415,1.6,1
5.5,5.5,447,6,579,11.5,0
6.2,4.5,138,9,442,8.7,0
5.7,6.7,423,7,520,5.0,0
7.1,2.8,134,3,650,13.8,2
4.6,8.5,526,7,20,2.9,0
6.0,6.1,276,4,142,2.1,2
3.5,9.8,529,11,1148,10.9,0
6.9,4.3,192,2,521,1.1,1
4.8,4.5,389,7,346,4.9,0
7.7,3.6,79,5,124,0.7,2
6.1,4.6,451,6,395,10.5,2
6.0,5.4,468,4,370,3.5,2
4.7,6.3,438,9,445,24.5,0
9.4,1.0,211,2,372,9.6,1
5.3,8.0,491,9,713,8.5,0
10.0,1.0,21,1,47,7.5,1
9.0,2.3,130,3,708,9.1,1
9.5,2.0,0,2,465,8.3,1
5.7,6.5,272,6,497,4.6,2
8.9,2.7,118,3,382,8.9,1
7.6,4.4,240,6,717,7.8,2
6.4,5.6,458,3,789,5.0,2
4.2,6.7,374,6,220,5.0,0
6.6,4.1,386,4,80,10.9,2
6.1,6.5,424,4,414,10.7,2
6.9,5.1,75,4,670,3.2,2
6.6,3.5,304,3,158,9.3,2
5.6,6.0,185,4,320,29.0,0
6.0,7.6,456,6,399,24.7,0
2.2,9.5,488,6,606,8.5,0
4.6,5.0,363,4,491,11.0,2
8.2,2.8,142,0,391,4.6,1
2.4,10.0,533,7,200,2.5,0
6.1,4.9,251,4,450,19.9,2
10.0,1.0,70,3,751,7.9,1
10.0,1.0,57,0,387,7.4,1
7.1,4.2,225,4,516,5.5,2
6.5,4.0,138,6,767,0.8,2
3.8,8.8,521,5,206,0.5,0
5.4,5.3,181,5,145,14.7,2
6.4,2.9,64,4,806,1.1,1
7.2,4.4,153,5,512,7.8,2
8.1,3.9,49,6,279,32.5,0
6.0,4.1,123,7,435,0.5,2
10.0,1.0,7,0,538,10.9,1
7.3,3.1,326,2,527,3.7,1
2.1,10.0,525,11,594,0.9,0
6.0,4.5,129,4,686,11.5,2
8.7,3.9,82,3,885,0.5,1
5.0,7.8,342,6,355,14.7,0
6.4,5.2,108,6,272,5.3,2
7.4,1.7,380,3,487,12.2,2
6.4,7.5,176,5,802,1.0,2
5.8,5.7,295,8,344,3.0,2
7.1,5.5,164,2,719,6.7,2
6.5,6.3,462,4,127,8.9,2
6.5,3.2,249,0,241,30.6,2
8.7,3.2,125,3,30,4.6,1
3.7,7.2,342,8,611,8.1,0
7.6,4.0,98,7,484,1.1,1
7.5,4.8,81,6,581,1.7,2
7.8,3.6,83,2,308,14.6,1
6.4,5.8,102,5,402,35.1,0
6.8,3.6,221,3,460,0.5,1
7.2,2.7,102,3,198,2.2,1
6.0,4.4,313,6,524,0.5,0
8.2,2.2,117,0,175,4.2,1
9.7,1.6,38,2,434,4.0,1
6.2,5.5,354,6,864,7.5,2
3.2,6.4,0,9,211,1.5,0
9.8,1.6,22,0,822,3.3,1
5.7,4.7,241,4,494,36.0,0
4.2,8.8,457,6,316,12.3,0
2.4,7.1,483,8,883,5.1,0
7.0,4.1,203,1,403,3.0,1
4.1,7.6,451,7,497,5.6,0
5.6,3.6,236,4,327,27.9,2
4.4,6.2,270,7,273,8.2,0
6.2,3.7,283,6,441,6.4,2
3.8,6.2,540,6,364,5.1,0
5.4,6.5,147,4,20,8.3,2
4.7,6.3,426,6,438,3.7,0
4.5,6.6,354,4,400,15.0,0
4.0,7.1,407,7,422,3.1,0
10.0,2.4,111,4,402,16.8,2
4.5,6.8,443,9,555,9.6,0
6.4,5.0,82,2,246,3.4,1
7.1,4.7,226,6,798,2.8,2
7.6,2.8,114,3,260,3.6,1
6.9,4.3,315,2,434,0.7,1
8.9,1.8,0,0,290,4.1,1
5.6,4.9,331,6,372,17.3,0
9.0,5.3,279,4,360,4.1,1
6.3,3.8,433,6,669,6.0,2
6.7,4.2,198,4,151,0.9,1
8.4,3.0,5,0,759,2.3,1
5.2,5.9,224,3,604,3.9,2
8.8,1.2,110,4,225,2.8,1
9.8,3.8,0,1,573,4.0,1
5.4,4.0,352,6,795,0.5,2
6.7,4.1,317,1,819,2.2,2
7.5,4.2,77,3,469,3.5,1
4.9,5.5,482,6,829,8.8,0
8.2,4.0,39,4,402,0.5,1
4.9,4.7,454,8,438,2.7,0
5.8,4.3,330,4,125,6.6,2
10.0,1.0,0,0,318,8.6,1
6.6,4.3,424,8,392,10.9,0
4.9,4.4,345,6,114,2.3,0
7.3,6.1,194,1,353,7.6,2
6.0,5.8,215,4,194,4.8,2
3.4,8.6,506,10,293,3.0,0
5.5,5.6,470,5,533,7.3,0
6.6,4.3,287,5,525,3.9,2
7.2,3.2,294,8,526,2.8,2
7.1,4.0,90,5,688,7.5,2
6.0,5.2,329,5,631,2.9,2
5.3,5.3,246,6,211,1.4,2
4.2,7.2,303,8,394,1.1,0
6.3,5.6,282,8,441,5.3,0
6.1,4.6,351,7,311,0.5,2
6.3,5.8,355,7,424,1.7,2
4.9,4.5,356,8,727,13.3,0
8.3,3.0,34,0,502,27.1,1
7.7,4.7,315,4,250,2.0,1
6.5,1.3,267,5,744,17.6,2
6.3,5.1,361,3,20,3.3,2
4.6,7.1,396,9,208,23.3,0
6.9,3.3,30,5,758,3.7,1
3.7,7.2,420,11,552,6.7,0
5.1,6.7,500,8,490,27.2,0
9.5,2.5,77,0,336,10.9,1
3.5,7.2,532,7,612,3.2,0
4.7,7.7,337,6,297,10.4,0
7.0,3.9,248,1,741,2.0,1
7.3,3.1,219,3,371,4.0,1
9.0,1.6,188,0,249,4.6,1
9.4,1.0,27,0,237,0.9,1
4.7,7.8,428,7,166,0.8,0
5.1,5.3,310,9,239,11.4,0
9.0,2.5,64,3,330,4.6,1
5.2,5.7,209,3,20,11.4,2
6.3,4.0,157,4,623,5.3,2
9.9,4.5,12,3,581,9.0,1
5.3,2.7,292,3,320,2.6,2
8.7,1.9,37,3,279,6.3,1
7.8,2.3,217,4,438,0.5,1
6.9,4.1,442,7,326,0.5,2
8.5,1.0,236,2,157,2.0,1
3.1,5.4,544,12,323,0.5,0
9.0,1.0,35,0,485,9.3,1
8.3,1.0,229,2,778,1.0,1
5.5,5.3,255,5,344,9.3,2
7.3,4.0,59,5,307,6.0,1
6.6,5.2,369,6,538,5.8,2
7.1,3.3,275,2,20,13.0,1
5.6,6.2,166,5,45,0.5,2
5.2,4.8,330,7,523,12.2,0
5.6,7.2,300,6,512,26.7,0
4.1,6.3,372,5,506,13.2,0
6.2,4.5,273,4,370,1.5,2
7.1,2.5,316,4,757,5.7,2
6.2,4.3,329,6,384,2.7,2
8.1,3.0,120,5,498,12.0,1
4.5,3.9,449,3,88,22.4,2
5.6,4.2,273,5,559,10.1,2
9.5,1.0,91,3,539,2.2,1
8.3,2.4,99,3,429,6.5,1
5.7,4.5,304,4,511,5.0,2
8.9,1.4,159,2,595,1.9,1
8.5,4.1,203,2,259,2.7,1
6.0,5.7,246,2,181,16.7,2
4.3,7.7,505,4,275,36.0,0
7.0,5.3,131,5,602,0.7,2
4.5,4.3,452,4,145,5.4,2
6.8,6.3,284,5,415,8.3,2
6.4,1.0,177,1,508,25.9,1
5.3,4.6,297,3,29,0.6,2
4.6,6.3,472,5,242,7.0,0
6.4,3.5,257,6,594,12.7,2
6.0,3.5,218,4,450,13.4,2
6.5,1.8,239,7,679,5.5,2
3.9,5.1,414,7,25,1.8,0
5.1,6.8,226,4,489,8.1,2
4.7,3.6,355,7,382,1.1,2
6.6,3.8,206,4,64,5.7,2
4.2,4.4,415,7,427,8.5,0
7.2,4.1,405,5,214,10.1,2
6.3,6.9,309,5,380,5.9,2
6.6,4.5,260,3,356,3.4,2
5.1,5.4,218,4,366,36.0,0
7.2,2.4,162,4,94,3.8,2
6.8,6.5,285,5,398,11.6,2
3.9,7.2,441,10,736,4.3,0
4.6,7.7,355,5,20,8.0,0
10.0,1.0,37,0,671,1.6,1
5.6,4.3,151,2,20,2.4,1
8.1,1.0,126,3,581,13.3,1
7.1,7.2,109,2,492,1.4,2
6.3,6.9,205,6,716,6.4,0
5.0,6.1,262,7,751,17.0,0
4.7,3.5,122,6,454,23.3,2
6.0,6.3,291,4,228,1.5,2
7.6,2.2,16,5,541,15.5,1
8.2,1.0,43,4,730,0.6,1
5.8,5.9,220,3,794,6.4,2
10.0,1.0,26,1,583,0.5,1
4.3,5.1,499,6,766,4.6,0
7.0,5.7,151,4,699,6.0,2
8.5,1.6,117,4,129,2.5,1
9.3,1.4,130,2,106,6.1,1
5.4,6.3,452,7,585,9.6,0
4.1,6.3,291,4,630,12.6,0
6.8,3.1,349,7,427,1.0,2
5.0,4.7,453,6,406,5.4,2
4.4,6.2,519,9,627,3.1,0
7.1,4.7,177,4,596,7.8,2
8.4,3.9,101,3,781,8.1,1
5.7,5.7,430,0,333,11.1,2
5.5,6.6,459,10,369,2.5,0
6.6,4.1,137,5,56,4.8,1
6.0,7.1,484,4,225,10.4,2
5.4,4.7,257,4,654,4.4,2
7.5,1.3,159,4,367,8.7,1
8.4,2.7,104,1,583,3.5,1
7.7,2.9,42,3,446,7.4,1
6.2,2.4,98,2,654,2.6,1
4.4,6.7,427,6,292,0.8,0
6.2,4.9,294,5,450,4.1,2
4.2,7.1,328,6,501,11.2,0
8.1,5.4,142,3,645,27.5,2
4.6,7.3,391,8,700,1.8,0
8.1,4.7,138,2,152,4.9,1
8.1,3.0,261,1,510,3.8,1
3.9,6.1,418,4,311,2.1,2
6.4,4.1,315,6,628,2.9,2
7.4,5.5,155,5,522,5.0,2
7.0,4.5,316,7,364,18.4,2
7.3,4.6,191,3,639,7.6,2
7.2,4.0,129,1,280,3.7,1
5.1,5.2,325,5,347,0.5,2
5.5,4.9,338,3,596,5.6,2
7.0,6.0,465,6,470,19.8,0
4.5,6.4,167,5,450,7.2,2
7.6,3.8,131,4,417,3.7,1
9.0,1.0,41,0,137,9.1,1
7.0,2.4,72,6,420,6.9,1
4.7,6.4,268,4,210,1.8,2
4.6,6.8,350,6,20,5.5,2
6.3,4.9,253,3,364,6.1,2
5.3,5.9,322,5,889,2.2,2
8.7,1.6,213,1,706,12.8,1
5.4,7.6,296,4,388,11.1,2
9.3,1.7,0,2,222,0.5,1
4.8,5.7,360,8,309,36.0,0
5.8,3.1,388,6,301,10.3,2
4.8,7.0,319,4,77,1.7,2
7.9,3.0,276,3,334,4.0,1
5.3,7.3,437,10,458,7.2,0
6.3,5.5,235,7,627,0.7,2
9.8,1.0,49,0,396,0.9,1
6.5,5.0,386,4,76,1.1,2
8.3,1.8,130,2,507,8.9,1
8.5,1.5,21,5,362,2.6,1
3.4,7.5,527,8,286,0.7,0
10.0,2.0,17,0,428,8.6,1
10.0,1.0,33,5,507,3.7,1
6.4,3.9,359,2,396,8.5,2
4.6,5.8,339,5,707,1.1,2
4.3,5.7,195,9,20,11.0,0
2.1,7.8,541,9,560,9.7,0
2.5,5.7,539,10,590,11.3,0
10.0,1.6,0,0,228,6.8,1
6.8,2.4,234,5,127,5.1,1
6.7,5.6,481,7,332,1.9,0
5.3,9.1,200,5,235,4.6,2
6.8,2.4,316,1,116,21.0,2
5.4,3.3,398,5,695,3.8,2
3.7,7.1,512,8,485,2.7,0
4.5,8.2,318,9,121,0.7,0
7.2,1.0,186,3,318,4.5,1
8.7,2.3,271,3,530,1.0,2
4.9,7.3,225,5,689,22.4,0
7.7,5.1,40,5,661,0.5,1
6.6,3.0,210,3,351,1.7,1
5.4,5.5,337,10,452,4.8,0
6.2,4.7,348,5,310,12.9,2
7.6,3.6,201,2,272,0.7,1
7.2,4.7,118,5,140,6.2,1
5.7,5.4,217,6,588,13.9,0
8.3,4.2,112,2,696,8.9,1
5.8,4.1,77,9,360,2.9,0
4.3,6.1,330,4,241,7.1,2
1.3,7.4,543,11,510,4.0,0
3.9,6.4,498,6,440,11.7,0
8.5,2.0,46,1,390,1.4,1
4.3,6.9,467,9,456,4.6,0
3.4,9.1,502,6,307,0.5,0
7.9,2.9,464,2,552,13.9,2
5.6,6.7,184,7,815,3.5,2
6.1,5.5,331,9,57,4.4,0
6.7,3.5,354,5,357,11.0,2
7.7,3.3,280,3,479,0.9,1
6.9,4.6,196,3,428,10.7,2
6.9,5.1,178,4,645,1.2,2
6.7,3.6,323,3,379,2.1,2
8.2,1.8,162,5,446,0.5,2
6.9,2.7,143,1,334,2.8,1
9.5,1.1,23,0,455,18.9,1
6.8,4.9,216,8,419,1.5,0
5.7,5.3,410,4,593,2.5,2
8.4,2.9,48,0,501,3.8,1
6.4,5.4,224,0,438,8.9,2
8.6,2.6,271,2,690,5.0,1
8.1,3.7,106,1,639,8.7,1
4.4,6.3,366,4,791,7.6,0
7.8,4.5,64,2,614,8.6,1
8.7,3.5,93,3,1074,3.9,1
4.8,7.4,510,9,542,3.3,0
3.5,6.0,388,7,234,1.8,0
7.1,5.1,402,4,237,36.0,0
5.5,5.2,202,5,522,7.7,2
4.8,5.4,435,5,667,4.5,0
7.4,4.1,129,4,195,3.4,1
6.1,4.3,119,8,469,9.9,2
5.8,7.6,417,5,73,24.2,0
6.2,5.2,172,2,747,5.4,2
7.0,3.9,249,4,428,6.2,2
6.7,4.7,445,6,405,2.5,2
7.5,2.7,129,1,413,18.1,1
6.9,3.2,189,3,188,14.9,2
7.1,5.0,69,4,189,9.7,1
6.2,3.6,163,2,142,1.4,1
7.4,3.2,81,3,453,19.7,2
5.5,7.0,375,7,402,3.3,0
4.2,6.7,466,8,136,10.4,0
3.8,3.5,444,4,459,0.5,2
7.6,3.2,100,2,374,6.8,1
9.8,3.5,150,0,584,10.8,1
3.7,7.7,510,8,644,36.0,0
6.8,4.6,254,5,216,0.5,2
6.0,5.9,284,4,365,5.8,2
3.8,5.0,439,6,329,6.4,0
8.5,1.0,1,3,394,17.6,1
8.5,1.9,2,2,595,11.5,1
6.4,1.0,188,4,405,36.0,2
7.4,2.7,294,0,117,1.7,1
4.7,5.8,419,5,20,4.3,2
7.5,5.4,86,2,289,5.8,1
8.6,1.8,193,2,304,8.0,1
6.3,3.8,434,6,586,0.5,2
4.9,6.3,402,4,495,1.4,2
3.0,8.0,511,10,820,12.5,0
6.1,4.3,259,2,530,6.7,2
5.9,7.3,356,5,614,2.1,2
5.9,5.5,269,4,738,6.8,2
7.6,1.3,151,0,290,5.6,1
8.8,1.8,9,0,516,4.1,1
10.0,1.0,0,1,132,5.3,1
7.0,4.8,406,4,674,1.5,2
5.5,6.2,330,9,734,4.5,0
6.8,3.6,241,5,377,3.0,2
6.7,3.2,392,5,638,3.5,2
8.5,4.3,316,3,339,9.5,1
6.2,5.1,197,2,355,4.7,2
8.0,4.3,315,6,669,6.0,2
7.8,2.0,312,3,421,2.5,1
3.3,6.9,498,10,889,17.1,0
9.5,1.4,4,1,423,12.4,1
5.6,5.2,315,5,541,2.6,2
5.9,4.4,161,3,502,28.1,2
6.6,3.0,129,2,278,8.8,1
6.5,2.5,0,2,243,8.7,1
5.2,5.5,375,5,367,3.4,2
6.6,3.7,179,4,665,10.0,2
2.6,7.8,531,8,416,3.2,0
7.4,2.3,25,4,348,4.5,2
8.5,3.6,173,2,515,1.4,1
7.2,4.5,230,5,416,8.6,2
5.5,4.8,256,4,540,22.1,2
4.9,7.7,301,5,691,13.8,0
6.9,4.3,151,6,329,1.2,2
5.6,4.9,252,7,399,9.2,2
4.5,7.6,424,7,420,6.2,0
7.6,4.5,314,6,388,0.5,2
5.0,8.1,368,11,261,4.8,0
7.9,4.4,258,4,298,9.9,2
5.8,3.2,431,5,491,7.7,2
8.7,2.5,10,2,540,5.4,1
8.0,4.5,327,4,304,3.2,1
7.2,6.5,201,3,202,1.3,2
2.4,8.0,495,8,697,3.1,0
2.9,9.7,394,8,573,10.6,0
7.3,1.3,211,2,209,10.1,1
7.3,4.6,104,3,188,8.2,1
7.6,3.5,62,5,260,4.9,2
4.4,3.4,451,5,236,0.5,2
8.9,2.6,58,3,397,18.2,1
5.7,7.1,377,5,497,10.9,0
5.7,5.6,230,6,253,3.2,2
4.6,6.3,291,9,449,0.8,0
7.5,2.3,6,0,350,12.2,1
7.1,4.4,317,0,452,1.1,1
8.4,1.9,294,5,663,8.7,1
6.9,4.5,158,3,71,11.2,1
5.8,4.7,303,5,428,8.3,2
7.5,6.2,228,7,617,14.0,2
4.7,7.7,233,6,347,12.8,0
5.4,2.3,423,8,754,9.7,2
4.4,5.4,347,10,516,3.6,0
3.7,8.5,407,6,656,5.1,0
7.6,2.1,182,0,400,13.8,1
5.5,8.0,348,5,507,4.8,0
5.3,3.9,404,6,568,6.7,2
5.6,6.1,387,4,833,2.0,2
7.4,1.9,216,3,252,11.0,1
5.0,6.1,390,5,410,13.3,0
6.4,4.3,205,4,502,10.4,2
5.8,6.7,168,7,421,5.8,2
6.8,1.8,302,4,563,8.1,2
4.9,6.6,228,4,669,5.1,2
5.6,6.3,217,4,20,7.2,2
8.8,2.9,167,3,581,6.6,1
3.8,6.5,508,6,342,7.8,0
7.3,4.2,170,2,415,4.1,1
6.2,5.9,291,5,386,5.0,2
3.2,7.8,411,5,687,4.3,0
6.5,4.4,290,8,301,10.2,0
5.1,5.3,232,7,320,3.2,2
8.0,2.4,77,4,427,8.4,1
5.3,3.2,276,4,359,10.2,0
7.3,2.6,107,4,505,8.7,1
4.9,8.3,441,6,488,13.0,0
5.2,6.4,397,4,544,6.2,2
7.5,3.0,181,1,482,2.4,1
5.5,8.1,409,6,406,23.3,0
9.3,1.0,96,0,512,20.3,1
5.9,5.1,358,6,290,3.7,2
7.1,4.5,336,2,385,6.7,2
6.5,2.8,339,5,805,3.4,2
3.9,4.9,536,9,508,0.5,0
5.0,4.8,538,5,472,15.1,0
8.0,2.3,236,3,406,13.0,1
7.7,2.3,359,2,473,0.6,1
3.3,9.0,440,6,20,13.0,0
4.3,6.5,277,3,304,7.7,2
7.7,4.3,108,0,292,1.3,1
5.9,2.5,441,4,512,1.4,2
8.0,3.6,74,3,562,6.3,1
6.5,5.1,420,5,240,2.3,2
7.3,3.5,177,5,199,4.5,2
5.6,5.0,447,4,614,36.0,0
7.8,5.3,459,4,538,4.5,2
8.9,1.0,132,5,308,3.6,1
8.6,3.1,354,1,593,3.3,1
4.6,5.1,390,8,374,16.7,0
6.3,6.2,471,4,238,2.9,2
6.2,6.3,261,9,389,4.2,0
4.4,6.5,486,4,739,22.5,0
4.9,6.7,436,8,407,4.3,0
4.5,8.1,272,6,453,15.1,0
7.0,4.0,42,2,351,36.0,2
8.2,5.5,139,2,688,3.0,1
10.0,1.0,0,1,481,13.3,1
8.9,1.6,378,1,451,22.6,1
9.1,2.2,24,0,419,6.9,1
8.6,5.4,139,3,358,1.3,1
4.9,4.7,377,7,306,1.1,2
7.0,5.3,154,3,542,0.7,1
7.3,3.4,214,3,277,8.7,1
4.8,5.0,352,9,658,4.9,0
7.2,2.3,271,3,659,5.4,1
5.1,4.5,357,7,598,5.3,2
8.2,4.1,168,5,291,10.6,1
4.1,9.3,454,7,289,30.2,0
9.2,2.4,76,1,95,15.2,1
7.4,1.9,93,3,20,12.2,1
6.9,3.8,162,3,307,2.1,1
6.5,3.8,208,5,481,10.1,2
7.1,4.0,306,4,275,0.8,1
6.2,3.1,192,2,368,5.0,1
5.0,6.2,371,5,265,7.8,2
4.4,5.3,294,4,505,9.7,2
6.8,3.3,364,3,365,2.6,2
5.4,4.6,58,4,531,1.7,2
5.6,6.0,460,7,20,2.7,2
8.2,2.8,128,0,759,14.7,1
6.3,4.2,234,5,420,3.3,2
9.4,1.0,156,4,216,0.5,1
5.3,3.7,203,3,188,1.4,2
7.3,4.6,84,2,523,0.8,1
5.0,4.7,406,8,441,3.1,0
6.1,6.9,150,2,587,10.5,2
5.8,7.6,190,7,98,21.6,0
5.9,3.6,392,3,514,11.1,2
7.2,5.5,263,2,287,2.6,1
6.1,3.8,170,8,772,7.1,0
7.9,3.6,32,1,722,3.9,1
8.1,3.2,116,2,73,36.0,2
7.2,3.8,141,1,515,2.1,1
6.9,4.4,122,3,651,0.5,1
5.6,6.6,327,3,422,9.4,2
5.7,7.5,279,5,109,5.5,2
8.1,4.6,244,4,498,16.5,2
8.9,3.0,18,0,591,15.4,1
5.0,8.4,333,8,671,1.0,0
3.3,8.1,528,10,357,6.9,0
6.9,4.8,317,9,346,11.7,0
10.0,1.8,76,2,331,5.0,1
7.6,1.9,117,4,478,9.5,2
4.3,5.0,382,4,321,0.7,2
4.5,6.3,428,6,263,0.7,2
4.2,5.2,364,8,725,0.7,0
5.7,5.8,432,11,805,1.5,0
6.5,6.5,352,4,275,7.0,2
6.7,4.4,265,4,359,29.3,2
7.7,5.3,329,5,877,0.5,2
6.1,5.5,323,11,403,17.2,0
6.4,2.9,86,5,446,0.9,1
7.2,5.6,237,7,707,6.6,0
5.8,4.7,198,4,330,5.2,2
5.4,8.8,252,7,818,24.4,0
10.0,2.1,28,2,595,36.0,1
5.3,5.6,200,5,340,1.1,2
2.7,6.2,455,8,732,2.3,0
4.3,7.5,545,7,531,19.2,0
5.5,4.3,461,5,220,5.8,2
3.7,9.2,333,10,850,3.5,0
8.2,1.0,193,5,418,1.6,1
6.6,5.9,336,3,397,5.1,2
3.4,7.7,463,11,413,7.6,0
7.4,1.8,140,1,312,0.5,1
6.3,6.4,290,3,695,1.6,2
1.1,10.0,542,7,176,2.9,0
5.5,4.2,207,8,713,1.9,0
8.4,1.7,183,1,667,1.9,1
7.0,5.1,365,7,548,4.2,2
6.9,4.8,281,5,616,11.9,2
5.6,5.6,267,6,467,18.6,0
9.2,3.0,36,1,373,8.5,1
4.3,7.7,227,5,663,7.3,0
6.4,5.5,318,5,691,6.6,2
5.8,4.9,328,4,290,7.6,2
8.4,2.9,145,1,202,7.9,1
8.9,1.0,142,4,581,3.5,1
6.5,2.0,247,4,301,1.7,1
7.2,5.2,164,2,199,14.3,2
5.7,6.0,418,6,579,0.5,2
5.4,4.9,308,5,20,10.1,2
7.6,3.7,190,4,393,6.6,1
6.9,5.1,245,4,598,14.1,2
7.7,5.2,194,3,454,20.6,2
5.1,6.8,421,4,666,7.3,0
7.6,3.6,113,4,220,28.3,2
3.2,6.5,469,7,549,7.4,0
7.4,4.9,254,5,670,10.4,2
4.8,6.5,260,6,671,5.1,0
8.3,3.8,67,4,475,3.6,1
5.4,5.4,440,4,550,6.6,2
7.0,2.9,265,4,422,4.4,1
7.7,2.7,51,2,426,2.4,1
7.3,4.0,270,6,298,8.6,2
5.6,5.0,429,5,154,2.3,2
4.9,7.1,203,1,54,22.7,2
6.2,3.9,293,5,721,4.7,2
4.8,3.4,482,6,30,0.5,2
5.3,7.7,180,3,430,1.9,2
7.8,5.5,193,10,739,3.0,0
7.1,3.8,121,3,593,24.5,2
5.2,5.5,343,5,288,0.5,2
6.7,6.2,279,5,462,1.4,2
4.9,4.7,346,5,853,1.0,2
7.6,1.7,258,3,671,1.7,1
4.3,4.4,474,7,433,6.3,0
3.6,6.4,410,7,871,9.0,0
4.8,7.0,498,7,188,9.0,0
7.7,3.0,233,5,302,2.6,1
4.9,7.7,365,9,521,10.9,0
7.1,4.7,239,2,444,8.4,2
6.8,5.2,256,6,644,4.7,2
5.0,5.7,422,6,392,13.8,0
6.7,5.8,370,4,414,2.4,2
6.5,4.8,223,5,293,13.6,2
3.9,6.9,470,4,482,19.8,0
8.1,3.6,243,3,416,8.3,1
10.0,1.0,52,0,298,1.7,1
6.5,5.1,248,4,464,0.5,2
7.7,5.9,235,2,458,34.9,2
2.1,6.7,496,9,117,8.9,0
8.7,1.4,231,3,197,2.0,1
3.4,5.8,413,8,765,7.3,0
7.1,2.6,329,0,328,4.4,1
5.0,8.1,515,7,525,12.6,0
5.0,6.1,400,9,824,8.9,0
5.2,5.7,324,10,371,23.0,0
8.3,3.5,253,5,504,4.2,1
6.1,3.9,325,4,579,4.5,2
5.3,5.1,383,5,71,10.7,2
5.7,5.5,393,6,326,6.0,2
8.1,1.6,249,4,591,1.3,1
8.4,1.0,56,2,589,3.8,1
4.5,6.2,416,10,217,1.6,0
4.7,8.0,315,5,271,3.7,0
7.1,2.6,97,2,325,4.6,1
2.7,6.4,509,9,400,7.8,0
5.4,6.2,289,3,337,5.7,2
6.1,2.7,475,5,226,6.4,2
3.1,7.0,517,10,435,0.5,0
4.7,4.6,438,7,617,1.7,0
10.0,1.2,57,0,439,17.4,1
7.2,3.5,178,3,362,1.0,1
6.6,4.1,204,4,430,6.6,2
6.2,4.8,44,2,39,20.2,2
6.7,3.8,149,5,443,3.8,2
6.5,4.4,339,5,267,19.4,2
6.6,2.5,299,3,108,0.5,1
6.0,5.3,331,3,247,7.0,2
7.9,6.0,71,1,244,0.8,1
6.8,4.9,97,5,393,5.3,2
8.8,2.9,198,1,344,1.8,1
6.9,4.1,318,3,345,2.5,2
3.6,6.4,367,7,352,6.4,0
9.0,1.0,66,0,113,25.4,1
6.9,4.6,254,3,765,0.9,2
8.8,1.7,135,3,430,14.1,1
6.2,3.9,151,5,859,2.8,2
5.9,4.4,262,6,786,13.2,2
6.8,6.2,233,3,552,9.1,2
8.1,4.6,292,5,20,10.0,2
4.9,8.0,357,6,706,3.1,0
4.6,7.4,359,6,762,14.5,0
7.0,3.0,105,3,20,1.8,1
6.0,3.3,147,1,20,22.5,2
8.0,3.8,139,3,746,6.7,1
7.8,3.4,29,4,453,7.9,2
8.5,1.1,221,2,539,1.0,1
4.2,6.0,395,4,789,1.5,0
6.7,5.1,312,3,607,3.9,2
7.8,1.1,128,3,414,5.8,1
3.9,8.4,311,7,249,0.5,0
3.0,7.0,547,6,564,3.4,0
5.9,8.1,375,10,356,1.1,0
10.0,1.0,0,1,267,8.1,1
6.5,6.2,218,5,356,7.3,2
6.2,6.7,345,9,637,8.5,0
6.0,4.5,6,5,504,8.0,2
5.0,8.1,156,4,821,2.4,2
5.8,4.4,226,7,365,1.9,2
7.7,3.2,358,5,315,5.6,2
4.6,5.4,492,7,416,0.5,0
4.6,8.2,503,6,375,14.2,0
6.5,4.9,304,4,423,9.7,2
4.1,5.6,520,7,1018,5.2,0
8.4,4.6,0,3,393,0.6,1
5.7,5.1,258,8,923,0.5,2
5.5,1.0,291,5,357,7.2,2
4.7,6.0,514,11,418,36.0,0
5.4,7.5,298,8,274,0.6,0
8.3,2.3,63,2,576,18.4,1
8.8,1.2,106,0,280,19.2,1
6.8,3.8,361,3,439,0.9,2
8.9,3.3,164,2,303,1.0,1
6.6,3.4,144,2,469,16.7,2
6.1,6.3,427,4,687,0.9,2
3.9,8.4,484,6,354,4.9,0
5.1,3.9,363,2,432,3.8,2
9.7,1.0,104,4,573,8.7,1
7.5,5.0,192,5,632,7.2,2
6.8,1.6,320,3,424,1.7,1
6.4,8.9,546,9,496,3.8,0
4.0,7.8,461,6,468,2.7,0
5.4,6.9,379,7,591,21.5,0
7.4,3.1,358,3,431,2.5,1
8.9,3.3,65,2,459,6.0,1
6.3,3.5,296,4,164,7.9,2
8.2,2.8,87,2,703,1.6,1
8.9,1.5,59,2,666,5.7,1
7.2,3.8,435,3,928,16.9,2
8.2,3.4,256,2,321,6.9,1
5.5,6.1,165,6,162,15.3,2
6.4,3.3,286,4,211,1.5,1
7.5,1.4,181,2,540,2.3,1
7.7,3.6,233,6,460,19.7,0
9.7,2.7,137,2,621,22.0,1
7.7,2.7,329,3,401,3.3,1
4.9,4.7,184,6,124,8.7,0
7.0,5.4,186,3,562,14.7,2
7.7,3.8,142,6,603,1.6,1
6.1,6.0,440,6,162,1.6,2
8.0,2.9,95,3,530,3.6,1
7.3,3.4,210,6,257,6.9,2
6.1,6.0,92,6,668,16.7,2
5.0,6.1,281,7,383,0.5,2
7.1,5.7,404,5,318,8.0,2
9.0,1.0,133,3,517,0.8,1
5.9,7.7,183,7,320,5.7,0
8.7,1.1,53,0,302,2.4,1
6.4,6.9,50,5,505,4.4,2
2.2,7.3,516,10,524,1.5,0
7.5,5.2,161,7,771,19.1,2
4.1,6.9,228,4,347,6.5,2
7.6,2.8,237,4,268,1.1,1
4.0,8.9,446,3,311,13.5,0
5.0,6.2,335,5,763,3.6,2
7.2,4.0,101,3,307,1.3,1
7.2,1.6,124,5,579,10.3,1
6.0,3.6,283,3,401,0.5,2
4.4,9.1,421,6,628,13.3,0
7.0,7.0,215,4,525,22.6,2
4.5,7.4,523,5,650,4.7,0
8.1,4.9,103,0,314,0.6,1
4.2,7.1,462,7,911,1.6,0
5.8,8.7,175,4,317,0.5,2
10.0,2.5,20,2,270,1.0,1
8.2,1.9,10,0,424,11.9,1
7.0,4.8,324,9,721,16.2,0
3.3,7.5,341,5,20,11.5,0
7.9,3.3,61,2,363,1.2,1
8.8,4.3,0,3,260,0.7,1
7.3,3.5,303,6,592,2.2,2
5.8,4.6,409,3,630,14.7,2
8.6,1.0,100,3,626,4.5,1
9.5,2.3,31,0,161,0.8,1
8.1,4.3,47,2,163,12.8,1
5.9,2.2,463,2,253,3.0,2
10.0,1.0,14,0,20,1.2,1
8.9,2.4,0,1,782,4.2,1
6.5,4.5,329,5,416,15.5,2
7.3,6.4,215,8,496,4.2,0
6.0,3.4,307,4,660,18.3,2
6.9,2.4,373,7,583,2.9,2
6.0,7.4,137,7,272,8.4,2
8.5,2.5,142,3,330,26.2,1
7.2,3.0,187,6,116,26.7,2
10.0,1.3,0,0,424,7.9,1
6.9,1.9,201,5,534,1.5,1
3.7,9.0,412,9,211,7.3,0
4.7,5.2,262,5,62,19.7,2
6.0,4.8,264,4,652,4.5,2
7.3,6.5,149,2,576,10.1,2
4.9,6.1,321,8,271,18.0,0
6.2,7.1,310,4,70,2.9,2
6.7,7.8,298,5,726,12.1,0
5.9,6.4,224,7,750,5.3,2
7.3,4.7,222,5,457,11.0,2
8.6,4.5,137,3,176,1.5,2
5.0,5.8,401,4,50,8.1,2
10.0,3.3,171,3,537,1.5,1
7.5,3.0,349,3,661,5.0,2
5.5,4.5,238,7,286,8.1,2
8.6,2.3,34,2,248,10.2,1
5.8,3.0,287,6,118,0.5,2
5.8,2.1,292,6,680,3.2,2
5.9,7.9,217,8,566,9.5,0
7.1,2.2,252,1,558,4.3,1
7.2,4.8,277,6,146,12.8,2
7.8,2.9,54,1,590,22.5,1
6.0,4.2,326,6,476,1.2,2
6.3,4.9,211,3,646,17.2,2
2.6,9.0,547,8,612,0.8,0
2.8,7.0,485,6,196,2.9,0
5.3,8.0,491,9,713,8.5,0
7.0,5.7,151,4,699,6.0,2
8.9,1.6,378,1,451,22.6,1
